Prey-Id,Date-Time,Signal-Time,Max-Radius,Spider-Id
Prey-Id,Date-Time,Signal-Time,Max-Radius,Spider-Id
rt_end_north,2019-01-01 07:13:00,2019-01-01 07:13:00,,0
rd_end_north,2019-01-01 09:53:00,2019-01-01 09:53:00,,1
o_rc,2019-01-01 09:56:00,2019-01-01 09:56:00,,2
rh_end_tt_1,2019-01-01 12:08:00,2019-01-01 12:08:00,,1
b_o,2019-01-02 06:55:00,2019-01-02 06:55:00,,2
rs_end_north,2019-01-02 12:15:00,2019-01-02 12:15:00,,2
rh_end_tt_2,2019-01-03 07:54:00,2019-01-03 07:54:00,,2
w_rc,2019-01-03 14:31:00,2019-01-03 14:31:00,,0
g_rc,2019-01-04 10:26:00,2019-01-04 10:26:00,,2
Prey-Id,Date-Time,Signal-Time,Max-Radius,Spider-Id
Prey-Id,Date-Time,Signal-Time,Max-Radius,Spider-Id
b_tt_2,2019-01-01 12:22:00,2019-01-01 12:22:00,,0
b_rt,2019-01-02 09:42:00,2019-01-02 09:42:00,,1
b_tt_3,2019-01-02 09:43:00,2019-01-02 09:43:00,,0
o_y_tt_end_west,2019-01-03 08:36:00,2019-01-03 08:36:00,,2
v_rt,2019-01-03 08:55:00,2019-01-03 08:55:00,,1
rs_end_south,2019-01-03 09:02:00,2019-01-03 09:02:00,,2
b_rd,2019-01-03 09:06:00,2019-01-03 09:06:00,,1
b_bv,2019-01-05 09:39:00,2019-01-05 09:39:00,,2
bstub_w,2019-01-06 10:10:00,2019-01-06 10:10:00,,1
b_tt_1,2019-01-06 10:41:00,2019-01-06 10:41:00,,0
rt_end_north,2019-01-06 12:35:00,2019-01-06 12:35:00,,0
rh_end_tt_2,2019-01-06 14:01:00,2019-01-06 14:01:00,,1
v_rd,2019-01-07 07:26:00,2019-01-07 07:26:00,,1
park_east,2019-01-07 07:42:00,2019-01-07 07:42:00,,0
o_gy1,2019-01-07 07:58:00,2019-01-07 07:58:00,,0
b_rd,2019-01-07 12:10:00,2019-01-07 12:10:00,,2
w_rs,2019-01-08 06:20:00,2019-01-08 06:20:00,,0
tt_rt,2019-01-08 07:46:00,2019-01-08 07:46:00,,1
y_gy2,2019-01-08 10:02:00,2019-01-08 10:02:00,,2
w_rt,2019-01-08 11:15:00,2019-01-08 11:15:00,,1
rt_end_south,2019-01-08 11:50:00,2019-01-08 11:50:00,,0
w_gy1,2019-01-09 07:45:00,2019-01-09 07:45:00,,1
b_tt_2_dupe,2019-01-09 10:05:00,2019-01-09 10:05:00,,0
v_rh,2019-01-09 11:11:00,2019-01-09 11:11:00,,1
v_rh,2019-01-09 11:46:00,2019-01-09 11:46:00,,2
b_bv,2019-01-09 11:47:00,2019-01-09 11:47:00,,0
w_gy2,2019-01-09 12:01:00,2019-01-09 12:01:00,,1
w_rt,2019-01-10 09:03:00,2019-01-10 09:03:00,,1
v_end_east,2019-01-11 06:10:00,2019-01-11 06:10:00,,2
b_g,2019-01-12 06:09:00,2019-01-12 06:09:00,,0
rt_end_north,2019-01-12 11:23:00,2019-01-12 11:23:00,,0
rh_end_north,2019-01-12 11:42:00,2019-01-12 11:42:00,,0
b_end_west,2019-01-12 12:24:00,2019-01-12 12:24:00,,2
y_gy2,2019-01-13 06:08:00,2019-01-13 06:08:00,,0
rd_end_south_dupe,2019-01-13 09:15:00,2019-01-13 09:15:00,,1
y_gy1,2019-01-13 12:49:00,2019-01-13 12:49:00,,1
b_tt_3_dupe,2019-01-14 08:45:00,2019-01-14 08:45:00,,1
w_rs,2019-01-14 11:03:00,2019-01-14 11:03:00,,1
b_tt_2,2019-01-14 11:55:00,2019-01-14 11:55:00,,2
b_rd_dupe,2019-01-14 11:56:00,2019-01-14 11:56:00,,0
g_gy2,2019-01-15 12:22:00,2019-01-15 12:22:00,,0
b_y,2019-01-15 12:26:00,2019-01-15 12:26:00,,1
v_bv,2019-01-16 08:47:00,2019-01-16 08:47:00,,0
o_rt,2019-01-16 11:23:00,2019-01-16 11:23:00,,0
o_y_tt_end_west,2019-01-17 10:29:00,2019-01-17 10:29:00,,2
rs_end_north,2019-01-17 12:46:00,2019-01-17 12:46:00,,0
rc_end_south,2019-01-17 15:39:00,2019-01-17 15:39:00,,1
v_end_east,2019-01-17 16:25:00,2019-01-17 16:25:00,,2
o_w_2,2019-01-18 13:28:00,2019-01-18 13:28:00,,0
rt_end_north,2019-01-19 06:28:00,2019-01-19 06:28:00,,0
o_tt,2019-01-19 11:25:00,2019-01-19 11:25:00,,2
y_gy1,2019-01-19 11:46:00,2019-01-19 11:46:00,,1
b_bw,2019-01-19 13:21:00,2019-01-19 13:21:00,,0
rh_end_tt_4,2019-01-20 06:42:00,2019-01-20 06:42:00,,2
rc_end_north,2019-01-20 15:10:00,2019-01-20 15:10:00,,0
b_gy2,2019-01-20 15:17:00,2019-01-20 15:17:00,,2
b_y,2019-01-20 15:18:00,2019-01-20 15:18:00,,1
b_rc,2019-01-20 15:29:00,2019-01-20 15:29:00,,2
rh_end_tt_3,2019-01-21 07:04:00,2019-01-21 07:04:00,,2
b_tt_2,2019-01-21 09:22:00,2019-01-21 09:22:00,,1
rh_end_tt_2,2019-01-21 10:21:00,2019-01-21 10:21:00,,1
y_rh,2019-01-21 11:12:00,2019-01-21 11:12:00,,2
o_tt,2019-01-21 11:35:00,2019-01-21 11:35:00,,1
b_rd,2019-01-21 12:36:00,2019-01-21 12:36:00,,0
tt_rt,2019-01-21 13:18:00,2019-01-21 13:18:00,,0
park_east,2019-01-22 07:00:00,2019-01-22 07:00:00,,2
b_bw,2019-01-22 13:14:00,2019-01-22 13:14:00,,1
y_gy1,2019-01-23 07:15:00,2019-01-23 07:15:00,,1
y_gy2,2019-01-24 06:59:00,2019-01-24 06:59:00,,2
rc_end_south,2019-01-24 09:34:00,2019-01-24 09:34:00,,0
o_rh,2019-01-25 10:28:00,2019-01-25 10:28:00,,1
rt_end_south,2019-01-25 11:50:00,2019-01-25 11:50:00,,0
b_tt_3_dupe,2019-01-26 07:20:00,2019-01-26 07:20:00,,0
rh_end_tt_3,2019-01-26 10:31:00,2019-01-26 10:31:00,,1
w_rc,2019-01-26 11:27:00,2019-01-26 11:27:00,,2
o_tt,2019-01-28 06:40:00,2019-01-28 06:40:00,,1
rd_end_south,2019-01-28 15:19:00,2019-01-28 15:19:00,,2
rh_end_south,2019-01-28 15:33:00,2019-01-28 15:33:00,,1
rc_end_south,2019-01-29 10:50:00,2019-01-29 10:50:00,,2
v_rd,2019-01-29 12:50:00,2019-01-29 12:50:00,,2
o_tt,2019-01-30 09:58:00,2019-01-30 09:58:00,,2
y_rs,2019-01-30 10:28:00,2019-01-30 10:28:00,,1
b_tt_2_dupe,2019-01-30 11:33:00,2019-01-30 11:33:00,,2
b_tt_1,2019-02-01 06:35:00,2019-02-01 06:35:00,,2
w_tt,2019-02-01 08:03:00,2019-02-01 08:03:00,,2
w_gy2,2019-02-01 15:00:00,2019-02-01 15:00:00,,0
rd_end_north,2019-02-01 15:03:00,2019-02-01 15:03:00,,2
rh_end_north,2019-02-02 08:44:00,2019-02-02 08:44:00,,2
b_rd_dupe,2019-02-04 07:13:00,2019-02-04 07:13:00,,1
rh_end_tt_4,2019-02-05 08:40:00,2019-02-05 08:40:00,,1
b_bw,2019-02-05 09:46:00,2019-02-05 09:46:00,,2
b_g,2019-02-06 06:23:00,2019-02-06 06:23:00,,0
y_gy1,2019-02-06 11:42:00,2019-02-06 11:42:00,,2
rh_end_tt_2,2019-02-06 11:50:00,2019-02-06 11:50:00,,1
rh_end_tt_4,2019-02-06 11:56:00,2019-02-06 11:56:00,,0
o_rc,2019-02-07 08:00:00,2019-02-07 08:00:00,,2
o_y_tt_end_west,2019-02-07 11:01:00,2019-02-07 11:01:00,,2
rc_end_north,2019-02-08 07:06:00,2019-02-08 07:06:00,,1
w_rc,2019-02-08 08:52:00,2019-02-08 08:52:00,,0
g_w,2019-02-08 10:33:00,2019-02-08 10:33:00,,2
park_east,2019-02-08 11:03:00,2019-02-08 11:03:00,,2
o_y_tt_end_west,2019-02-09 06:27:00,2019-02-09 06:27:00,,2
b_w,2019-02-09 14:36:00,2019-02-09 14:36:00,,0
o_rc,2019-02-10 12:07:00,2019-02-10 12:07:00,,1
b_rc,2019-02-10 13:10:00,2019-02-10 13:10:00,,0
y_rh,2019-02-10 13:40:00,2019-02-10 13:40:00,,2
bstub_w,2019-02-11 06:11:00,2019-02-11 06:11:00,,1
b_tt_3,2019-02-11 07:05:00,2019-02-11 07:05:00,,1
rc_end_south,2019-02-11 10:36:00,2019-02-11 10:36:00,,2
v_rt,2019-02-12 11:17:00,2019-02-12 11:17:00,,
w_rt,2019-02-14 10:14:00,2019-02-14 10:14:00,,0
b_tt_3_dupe,2019-02-15 08:15:00,2019-02-15 08:15:00,,1
w_tt,2019-02-16 06:43:00,2019-02-16 06:43:00,,1
v_rd,2019-02-16 12:56:00,2019-02-16 12:56:00,,2
b_rt,2019-02-16 14:16:00,2019-02-16 14:16:00,,1
rh_end_tt_3,2019-02-16 14:45:00,2019-02-16 14:45:00,,1
w_rs,2019-02-17 07:52:00,2019-02-17 07:52:00,,2
v_rd,2019-02-17 09:40:00,2019-02-17 09:40:00,,2
b_gy2,2019-02-17 11:55:00,2019-02-17 11:55:00,,2
v_rc,2019-02-17 15:16:00,2019-02-17 15:16:00,,0
o_rs,2019-02-18 08:54:00,2019-02-18 08:54:00,,0
rh_end_south,2019-02-18 11:27:00,2019-02-18 11:27:00,,1
b_o,2019-02-19 08:14:00,2019-02-19 08:14:00,,2
rh_end_north,2019-02-20 11:54:00,2019-02-20 11:54:00,,1
o_tt,2019-02-20 12:35:00,2019-02-20 12:35:00,,1
g_rs,2019-02-21 06:21:00,2019-02-21 06:21:00,,2
rt_end_north,2019-02-21 06:59:00,2019-02-21 06:59:00,,1
rh_end_tt_3,2019-02-21 07:03:00,2019-02-21 07:03:00,,2
rs_end_south,2019-02-21 09:44:00,2019-02-21 09:44:00,,2
o_y_tt_end_west,2019-02-22 06:47:00,2019-02-22 06:47:00,,2
w_tt,2019-02-22 08:48:00,2019-02-22 08:48:00,,2
rh_end_tt_3,2019-02-22 09:59:00,2019-02-22 09:59:00,,1
g_rt,2019-02-23 07:29:00,2019-02-23 07:29:00,,0
b_rd_dupe,2019-02-23 08:49:00,2019-02-23 08:49:00,,2
o_w_1,2019-02-23 09:07:00,2019-02-23 09:07:00,,2
rd_end_south,2019-02-23 09:22:00,2019-02-23 09:22:00,,0
rd_end_south,2019-02-24 10:07:00,2019-02-24 10:07:00,,1
v_rc,2019-02-24 14:41:00,2019-02-24 14:41:00,,2
b_v,2019-02-24 15:49:00,2019-02-24 15:49:00,,1
o_gy2,2019-02-27 09:17:00,2019-02-27 09:17:00,,0
y_rt,2019-02-28 09:31:00,2019-02-28 09:31:00,,2
y_rh,2019-02-28 10:47:00,2019-02-28 10:47:00,,0
w_tt,2019-02-28 11:41:00,2019-02-28 11:41:00,,1
b_bv,2019-03-01 06:45:00,2019-03-01 06:45:00,,0
b_rd,2019-03-01 10:50:00,2019-03-01 10:50:00,,1
b_tt_2_dupe,2019-03-02 08:40:00,2019-03-02 08:40:00,,0
b_tt_1,2019-03-03 10:45:00,2019-03-03 10:45:00,,2
b_rh,2019-03-04 07:16:00,2019-03-04 07:16:00,,2
park_east,2019-03-04 11:49:00,2019-03-04 11:49:00,,0
b_tt_2,2019-03-04 12:21:00,2019-03-04 12:21:00,,2
rt_end_north,2019-03-04 13:12:00,2019-03-04 13:12:00,,0
b_bv,2019-03-05 06:21:00,2019-03-05 06:21:00,,2
w_gy1,2019-03-05 10:28:00,2019-03-05 10:28:00,,1
o_w_2,2019-03-05 11:10:00,2019-03-05 11:10:00,,0
w_gy2,2019-03-06 06:25:00,2019-03-06 06:25:00,,2
y_rt,2019-03-06 11:06:00,2019-03-06 11:06:00,,2
b_bv,2019-03-07 09:04:00,2019-03-07 09:04:00,,2
b_w,2019-03-07 13:00:00,2019-03-07 13:00:00,,0
g_rt,2019-03-08 08:26:00,2019-03-08 08:26:00,,1
b_v,2019-03-09 09:44:00,2019-03-09 09:44:00,,2
rt_end_north,2019-03-09 11:40:00,2019-03-09 11:40:00,,
g_gy2,2019-03-10 10:49:00,2019-03-10 10:49:00,,2
g_rs,2019-03-10 10:50:00,2019-03-10 10:50:00,,1
rt_end_north,2019-03-11 08:08:00,2019-03-11 08:08:00,,0
b_tt_3,2019-03-12 07:15:00,2019-03-12 07:15:00,,1
o_rt,2019-03-12 11:14:00,2019-03-12 11:14:00,,0
b_tt_2_dupe,2019-03-12 13:57:00,2019-03-12 13:57:00,,1
y_rt,2019-03-13 06:54:00,2019-03-13 06:54:00,,1
rh_end_tt_2,2019-03-13 07:02:00,2019-03-13 07:02:00,,1
b_rs,2019-03-13 08:42:00,2019-03-13 08:42:00,,1
b_rd,2019-03-13 12:10:00,2019-03-13 12:10:00,,2
rd_end_south,2019-03-14 06:05:00,2019-03-14 06:05:00,,1
w_rc,2019-03-14 06:17:00,2019-03-14 06:17:00,,1
rh_end_north,2019-03-14 06:21:00,2019-03-14 06:21:00,,2
o_y_tt_end_west,2019-03-14 08:48:00,2019-03-14 08:48:00,,2
b_rs,2019-03-14 09:44:00,2019-03-14 09:44:00,,1
w_rs,2019-03-15 06:12:00,2019-03-15 06:12:00,,0
b_bv,2019-03-15 09:58:00,2019-03-15 09:58:00,,0
b_bv,2019-03-15 11:12:00,2019-03-15 11:12:00,,1
o_w_1,2019-03-16 09:28:00,2019-03-16 09:28:00,,1
b_g,2019-03-17 08:53:00,2019-03-17 08:53:00,,0
v_end_west,2019-03-17 09:24:00,2019-03-17 09:24:00,,0
rh_end_tt_4,2019-03-18 07:38:00,2019-03-18 07:38:00,,2
o_w_2,2019-03-19 06:07:00,2019-03-19 06:07:00,,0
rc_end_south,2019-03-19 09:01:00,2019-03-19 09:01:00,,2
b_rh,2019-03-20 08:14:00,2019-03-20 08:14:00,,0
rh_end_south,2019-03-20 08:49:00,2019-03-20 08:49:00,,0
w_gy2,2019-03-20 09:19:00,2019-03-20 09:19:00,,0
w_gy1,2019-03-20 09:37:00,2019-03-20 09:37:00,,1
rh_end_tt_3,2019-03-20 11:26:00,2019-03-20 11:26:00,,0
b_tt_3,2019-03-20 12:41:00,2019-03-20 12:41:00,,0
rh_end_tt_4,2019-03-20 12:46:00,2019-03-20 12:46:00,,2
rs_end_south,2019-03-20 13:40:00,2019-03-20 13:40:00,,1
v_rh,2019-03-21 09:06:00,2019-03-21 09:06:00,,2
b_tt_2,2019-03-21 09:07:00,2019-03-21 09:07:00,,1
w_gy2,2019-03-21 14:30:00,2019-03-21 14:30:00,,1
b_tt_3_dupe,2019-03-22 13:19:00,2019-03-22 13:19:00,,2
v_end_west,2019-03-23 07:04:00,2019-03-23 07:04:00,,1
b_bw,2019-03-24 10:01:00,2019-03-24 10:01:00,,0
rt_end_north,2019-03-25 10:20:00,2019-03-25 10:20:00,,1
y_rt,2019-03-25 14:15:00,2019-03-25 14:15:00,,2
rd_end_south,2019-03-25 14:42:00,2019-03-25 14:42:00,,0
o_rs,2019-03-26 11:01:00,2019-03-26 11:01:00,,1
b_tt_2_dupe,2019-03-26 11:15:00,2019-03-26 11:15:00,,2
g_rt,2019-03-26 12:25:00,2019-03-26 12:25:00,,1
v_rd,2019-03-27 12:08:00,2019-03-27 12:08:00,,2
rs_end_south,2019-03-28 08:08:00,2019-03-28 08:08:00,,0
o_gy2,2019-03-28 08:41:00,2019-03-28 08:41:00,,1
b_tt_3_dupe,2019-03-29 08:12:00,2019-03-29 08:12:00,,0
b_rh,2019-03-29 15:41:00,2019-03-29 15:41:00,,0
g_gy1,2019-03-30 09:41:00,2019-03-30 09:41:00,,1
b_o,2019-03-30 14:41:00,2019-03-30 14:41:00,,2
rh_end_south,2019-03-31 06:31:00,2019-03-31 06:31:00,,1
b_rt,2019-03-31 12:12:00,2019-03-31 12:12:00,,2
b_tt_2,2019-03-31 12:13:00,2019-03-31 12:13:00,4000,1.0
rd_end_south,2019-04-01 09:49:00,2019-04-01 09:49:00,,1
b_gy2,2019-04-01 10:25:00,2019-04-01 10:25:00,,1
g_gy1,2019-04-01 11:41:00,2019-04-01 11:41:00,,2
rh_end_tt_1,2019-04-01 13:24:00,2019-04-01 13:24:00,,1
b_tt_3,2019-04-02 09:10:00,2019-04-02 09:10:00,,1
o_rh,2019-04-02 09:27:00,2019-04-02 09:27:00,,0
b_tt_2_dupe,2019-04-02 09:32:00,2019-04-02 09:32:00,,1
y_rt,2019-04-03 10:01:00,2019-04-03 10:01:00,,1
v_rc,2019-04-03 10:31:00,2019-04-03 10:31:00,,0
y_rs,2019-04-03 10:32:00,2019-04-03 10:32:00,4000,2.0
o_gy2,2019-04-04 08:36:00,2019-04-04 08:36:00,,0
b_bw,2019-04-04 11:06:00,2019-04-04 11:06:00,,1
v_end_west,2019-04-04 11:26:00,2019-04-04 11:26:00,,0
g_rt,2019-04-05 11:20:00,2019-04-05 11:20:00,,2
o_rc,2019-04-06 07:29:00,2019-04-06 07:29:00,,2
o_y_tt_end_west,2019-04-06 13:45:00,2019-04-06 13:45:00,,2
b_tt_3_dupe,2019-04-07 10:37:00,2019-04-07 10:37:00,,1
rh_end_tt_1,2019-04-07 11:46:00,2019-04-07 11:46:00,,1
b_rt,2019-04-08 10:48:00,2019-04-08 10:48:00,,0
b_rd,2019-04-08 10:50:00,2019-04-08 10:50:00,,1
y_rt,2019-04-08 11:31:00,2019-04-08 11:31:00,,1
b_tt_3_dupe,2019-04-10 08:24:00,2019-04-10 08:24:00,,0
w_gy2,2019-04-10 09:18:00,2019-04-10 09:18:00,,2
rh_end_tt_4,2019-04-10 11:58:00,2019-04-10 11:58:00,,0
rs_end_north,2019-04-11 06:56:00,2019-04-11 06:56:00,,2
b_tt_2_dupe,2019-04-11 11:44:00,2019-04-11 11:44:00,,0
v_rd,2019-04-11 12:27:00,2019-04-11 12:27:00,,0
v_end_west,2019-04-12 10:10:00,2019-04-12 10:10:00,,0
rh_end_tt_2,2019-04-13 10:24:00,2019-04-13 10:24:00,,0
g_gy1,2019-04-13 10:27:00,2019-04-13 10:27:00,,1
o_rc,2019-04-14 11:03:00,2019-04-14 11:03:00,,0
w_rs,2019-04-14 13:08:00,2019-04-14 13:08:00,,2
g_rc,2019-04-15 06:40:00,2019-04-15 06:40:00,,2
b_rt,2019-04-15 10:58:00,2019-04-15 10:58:00,,1
b_tt_3,2019-04-15 12:41:00,2019-04-15 12:41:00,,2
v_rh,2019-04-16 10:53:00,2019-04-16 10:53:00,,1
nature_end_west,2019-04-16 12:37:00,2019-04-16 12:37:00,,2
b_bw,2019-04-16 13:02:00,2019-04-16 13:02:00,,0
g_gy1,2019-04-19 07:07:00,2019-04-19 07:07:00,,1
v_rd,2019-04-20 10:42:00,2019-04-20 10:42:00,,0
o_rt,2019-04-20 13:11:00,2019-04-20 13:11:00,,2
o_y_tt_end_west,2019-04-21 06:19:00,2019-04-21 06:19:00,,1
g_rt,2019-04-21 09:00:00,2019-04-21 09:00:00,,1
w_bw,2019-04-21 10:00:00,2019-04-21 10:00:00,,0
v_rs,2019-04-22 10:39:00,2019-04-22 10:39:00,,2
o_rs,2019-04-22 13:00:00,2019-04-22 13:00:00,,0
g_rs,2019-04-23 06:38:00,2019-04-23 06:38:00,,0
bstub_w,2019-04-23 07:16:00,2019-04-23 07:16:00,,1
v_rd,2019-04-23 08:43:00,2019-04-23 08:43:00,,2
b_y,2019-04-23 12:00:00,2019-04-23 12:00:00,,1
b_rs,2019-04-24 07:54:00,2019-04-24 07:54:00,,2
w_rt,2019-04-24 08:58:00,2019-04-24 08:58:00,,1
b_rt,2019-04-24 11:19:00,2019-04-24 11:19:00,,1
b_tt_2,2019-04-25 10:41:00,2019-04-25 10:41:00,,1
o_rh,2019-04-26 07:32:00,2019-04-26 07:32:00,,2
o_gy1,2019-04-26 08:20:00,2019-04-26 08:20:00,,1
o_gy1,2019-04-26 09:37:00,2019-04-26 09:37:00,,1
y_gy1,2019-04-26 14:39:00,2019-04-26 14:39:00,,2
g_gy2,2019-04-27 06:49:00,2019-04-27 06:49:00,,0
w_rt,2019-04-28 06:18:00,2019-04-28 06:18:00,,1
b_bw,2019-04-28 07:28:00,2019-04-28 07:28:00,,2
v_end_east,2019-04-28 10:15:00,2019-04-28 10:15:00,,2
rh_end_tt_4,2019-04-28 12:58:00,2019-04-28 12:58:00,,0
o_w_1,2019-04-28 13:04:00,2019-04-28 13:04:00,,2
y_gy1,2019-04-29 12:02:00,2019-04-29 12:02:00,,2
b_rd_dupe,2019-04-30 12:02:00,2019-04-30 12:02:00,,2
v_rd,2019-05-01 07:05:00,2019-05-01 07:05:00,,2
v_end_west,2019-05-01 10:01:00,2019-05-01 10:01:00,,2
y_rs,2019-05-01 11:20:00,2019-05-01 11:20:00,,0
b_gy2,2019-05-01 11:25:00,2019-05-01 11:25:00,,2
w_gy1,2019-05-02 14:07:00,2019-05-02 14:07:00,,2
b_tt_3,2019-05-03 09:15:00,2019-05-03 09:15:00,,0
y_rt,2019-05-03 09:48:00,2019-05-03 09:48:00,,1
v_end_west,2019-05-04 09:03:00,2019-05-04 09:03:00,,1
b_tt_3_dupe,2019-05-04 11:29:00,2019-05-04 11:29:00,,1
nature_end_west,2019-05-04 14:00:00,2019-05-04 14:00:00,,0
b_y,2019-05-05 10:10:00,2019-05-05 10:10:00,,0
rt_end_north,2019-05-05 12:18:00,2019-05-05 12:18:00,,2
b_rt,2019-05-05 12:52:00,2019-05-05 12:52:00,,1
b_y,2019-05-06 08:41:00,2019-05-06 08:41:00,,0
nature_end_west,2019-05-06 09:48:00,2019-05-06 09:48:00,,0
b_y,2019-05-07 06:26:00,2019-05-07 06:26:00,,0
o_gy1,2019-05-07 09:57:00,2019-05-07 09:57:00,,2
b_tt_2,2019-05-07 10:09:00,2019-05-07 10:09:00,,0
o_rh,2019-05-07 12:23:00,2019-05-07 12:23:00,,1
b_g,2019-05-07 12:31:00,2019-05-07 12:31:00,,0
rt_end_north,2019-05-08 09:27:00,2019-05-08 09:27:00,,0
o_rs,2019-05-10 10:39:00,2019-05-10 10:39:00,,1
park_east,2019-05-10 13:48:00,2019-05-10 13:48:00,,2
o_rt,2019-05-11 06:54:00,2019-05-11 06:54:00,,1
g_gy2,2019-05-11 08:35:00,2019-05-11 08:35:00,,0
tt_rt,2019-05-11 11:50:00,2019-05-11 11:50:00,,0
b_end_west,2019-05-11 12:20:00,2019-05-11 12:20:00,,2
rs_end_south,2019-05-13 12:12:00,2019-05-13 12:12:00,,1
tt_rt,2019-05-13 15:34:00,2019-05-13 15:34:00,,0
g_rt,2019-05-14 12:42:00,2019-05-14 12:42:00,,1
g_rs,2019-05-14 15:53:00,2019-05-14 15:53:00,,0
b_tt_1,2019-05-15 09:58:00,2019-05-15 09:58:00,,1
o_y_tt_end_west,2019-05-15 10:49:00,2019-05-15 10:49:00,,2
v_rd,2019-05-15 11:21:00,2019-05-15 11:21:00,,0
nature_end_west,2019-05-16 11:40:00,2019-05-16 11:40:00,,0
w_gy2,2019-05-16 12:45:00,2019-05-16 12:45:00,,0
b_tt_1,2019-05-17 07:17:00,2019-05-17 07:17:00,,1
b_rs,2019-05-17 07:31:00,2019-05-17 07:31:00,,0
tt_rt,2019-05-17 07:56:00,2019-05-17 07:56:00,,2
b_rc,2019-05-17 11:16:00,2019-05-17 11:16:00,,2
b_g,2019-05-17 11:28:00,2019-05-17 11:28:00,,2
b_v,2019-05-17 11:56:00,2019-05-17 11:56:00,,1
b_rs,2019-05-18 06:49:00,2019-05-18 06:49:00,,2
b_w,2019-05-19 11:02:00,2019-05-19 11:02:00,,2
v_bv,2019-05-19 11:35:00,2019-05-19 11:35:00,,1
y_gy1,2019-05-20 09:05:00,2019-05-20 09:05:00,,0
rh_end_tt_3,2019-05-21 09:51:00,2019-05-21 09:51:00,,2
w_rt,2019-05-23 08:06:00,2019-05-23 08:06:00,,1
g_rc,2019-05-23 08:22:00,2019-05-23 08:22:00,,1
b_tt_3_dupe,2019-05-23 10:28:00,2019-05-23 10:28:00,,2
y_rt,2019-05-23 12:11:00,2019-05-23 12:11:00,,1
g_gy1,2019-05-23 13:33:00,2019-05-23 13:33:00,,2
rh_end_north,2019-05-24 10:12:00,2019-05-24 10:12:00,,2
o_rt,2019-05-25 06:28:00,2019-05-25 06:28:00,,1
rc_end_north,2019-05-25 10:04:00,2019-05-25 10:04:00,,0
y_gy1,2019-05-26 06:56:00,2019-05-26 06:56:00,,2
rc_end_north,2019-05-26 11:36:00,2019-05-26 11:36:00,,0
w_tt,2019-05-27 07:14:00,2019-05-27 07:14:00,,2
o_y_tt_end_west,2019-05-27 08:40:00,2019-05-27 08:40:00,,1
g_gy2,2019-05-28 10:02:00,2019-05-28 10:02:00,,0
b_rs,2019-05-28 10:03:00,2019-05-28 10:03:00,,2
b_tt_3,2019-05-28 11:43:00,2019-05-28 11:43:00,,2
b_v,2019-05-28 12:06:00,2019-05-28 12:06:00,,0
y_rs,2019-05-28 12:22:00,2019-05-28 12:22:00,,0
o_w_1,2019-05-28 13:30:00,2019-05-28 13:30:00,,0
o_rh,2019-05-29 06:17:00,2019-05-29 06:17:00,,1
b_tt_3,2019-05-29 07:40:00,2019-05-29 07:40:00,,2
rh_end_tt_1,2019-05-30 11:54:00,2019-05-30 11:54:00,,0
b_bw,2019-05-30 14:00:00,2019-05-30 14:00:00,,1
g_w,2019-05-30 14:24:00,2019-05-30 14:24:00,,2
b_w,2019-05-30 14:29:00,2019-05-30 14:29:00,,0
o_w_1,2019-05-31 08:21:00,2019-05-31 08:21:00,,1
b_bw,2019-05-31 13:24:00,2019-05-31 13:24:00,,2
rh_end_tt_3,2019-06-01 07:11:00,2019-06-01 07:11:00,,2
w_rt,2019-06-01 07:54:00,2019-06-01 07:54:00,,1
b_tt_2_dupe,2019-06-01 11:50:00,2019-06-01 11:50:00,,1
b_rs,2019-06-02 09:20:00,2019-06-02 09:20:00,,0
g_w,2019-06-02 09:38:00,2019-06-02 09:38:00,,1
y_rs,2019-06-02 10:00:00,2019-06-02 10:00:00,,0
rd_end_north,2019-06-02 11:52:00,2019-06-02 11:52:00,,1
bstub_w,2019-06-02 11:53:00,2019-06-02 11:53:00,,2
y_rt,2019-06-04 07:44:00,2019-06-04 07:44:00,,1
v_rc,2019-06-04 10:05:00,2019-06-04 10:05:00,,1
y_rs,2019-06-05 06:44:00,2019-06-05 06:44:00,,0
b_tt_3_dupe,2019-06-05 12:05:00,2019-06-05 12:05:00,,2
rt_end_south,2019-06-06 06:15:00,2019-06-06 06:15:00,,0
rh_end_tt_4,2019-06-06 06:20:00,2019-06-06 06:20:00,,1
g_rc,2019-06-07 06:45:00,2019-06-07 06:45:00,,2
g_rc,2019-06-07 07:39:00,2019-06-07 07:39:00,,0
rc_end_south,2019-06-07 09:13:00,2019-06-07 09:13:00,,1
g_rt,2019-06-07 09:18:00,2019-06-07 09:18:00,,0
rh_end_tt_4,2019-06-07 11:41:00,2019-06-07 11:41:00,,1
v_rh,2019-06-08 09:48:00,2019-06-08 09:48:00,,2
b_rt,2019-06-08 11:21:00,2019-06-08 11:21:00,,1
o_gy1,2019-06-09 07:13:00,2019-06-09 07:13:00,,0
b_rc,2019-06-09 10:19:00,2019-06-09 10:19:00,,0
o_gy1,2019-06-10 11:17:00,2019-06-10 11:17:00,,1
o_tt,2019-06-11 08:18:00,2019-06-11 08:18:00,,1
b_tt_3,2019-06-11 10:48:00,2019-06-11 10:48:00,,2
o_gy1,2019-06-11 13:57:00,2019-06-11 13:57:00,,2
tt_rt,2019-06-11 14:03:00,2019-06-11 14:03:00,,1
g_gy1,2019-06-12 08:07:00,2019-06-12 08:07:00,,1
v_rs,2019-06-13 06:47:00,2019-06-13 06:47:00,,2
park_east,2019-06-13 08:27:00,2019-06-13 08:27:00,,0
v_rh,2019-06-13 08:49:00,2019-06-13 08:49:00,,1
v_rt,2019-06-13 09:25:00,2019-06-13 09:25:00,,0
rh_end_tt_1,2019-06-14 09:33:00,2019-06-14 09:33:00,,0
b_rt,2019-06-14 11:20:00,2019-06-14 11:20:00,,1
b_tt_3,2019-06-14 12:09:00,2019-06-14 12:09:00,,2
g_rs,2019-06-15 12:21:00,2019-06-15 12:21:00,,1
rh_end_tt_2,2019-06-16 09:17:00,2019-06-16 09:17:00,,1
b_gy2,2019-06-16 10:42:00,2019-06-16 10:42:00,,1
b_w,2019-06-17 09:00:00,2019-06-17 09:00:00,,0
o_rc,2019-06-17 10:14:00,2019-06-17 10:14:00,,2
rh_end_tt_2,2019-06-18 10:42:00,2019-06-18 10:42:00,,2
b_bv,2019-06-18 12:44:00,2019-06-18 12:44:00,,0
y_rs,2019-06-18 12:58:00,2019-06-18 12:58:00,,1
rt_end_south,2019-06-19 06:57:00,2019-06-19 06:57:00,,2
b_rt,2019-06-20 07:21:00,2019-06-20 07:21:00,,0
g_gy1,2019-06-20 08:57:00,2019-06-20 08:57:00,,0
o_rh,2019-06-20 13:47:00,2019-06-20 13:47:00,,1
y_gy2,2019-06-21 08:43:00,2019-06-21 08:43:00,,2
b_g,2019-06-21 10:09:00,2019-06-21 10:09:00,,0
y_gy2,2019-06-22 09:14:00,2019-06-22 09:14:00,,0
rh_end_tt_1,2019-06-22 09:27:00,2019-06-22 09:27:00,,2
b_tt_3,2019-06-23 08:19:00,2019-06-23 08:19:00,,0
o_rh,2019-06-23 08:28:00,2019-06-23 08:28:00,,1
b_end_west,2019-06-23 12:56:00,2019-06-23 12:56:00,,0
nature_end_west,2019-06-24 07:40:00,2019-06-24 07:40:00,,1
g_rc,2019-06-25 06:32:00,2019-06-25 06:32:00,,0
o_rh,2019-06-25 07:19:00,2019-06-25 07:19:00,,0
w_tt,2019-06-25 11:21:00,2019-06-25 11:21:00,,1
b_rc,2019-06-25 11:26:00,2019-06-25 11:26:00,,1
g_w,2019-06-26 07:30:00,2019-06-26 07:30:00,,0
rh_end_tt_1,2019-06-26 09:46:00,2019-06-26 09:46:00,,1
v_end_east,2019-06-26 10:32:00,2019-06-26 10:32:00,,2
park_east,2019-06-27 06:10:00,2019-06-27 06:10:00,,0
g_w,2019-06-27 06:46:00,2019-06-27 06:46:00,,0
rd_end_south,2019-06-27 10:05:00,2019-06-27 10:05:00,,1
v_end_east,2019-06-27 10:12:00,2019-06-27 10:12:00,,0
b_rt,2019-06-27 11:45:00,2019-06-27 11:45:00,,2
v_rt,2019-06-28 07:11:00,2019-06-28 07:11:00,,1
o_rs,2019-06-29 12:50:00,2019-06-29 12:50:00,,0
g_w,2019-06-29 12:57:00,2019-06-29 12:57:00,,2
b_rt,2019-06-30 11:29:00,2019-06-30 11:29:00,,0
rd_end_north,2019-07-01 07:08:00,2019-07-01 07:08:00,,1
y_gy2,2019-07-01 12:35:00,2019-07-01 12:35:00,,0
rd_end_south_dupe,2019-07-02 07:06:00,2019-07-02 07:06:00,,2
b_v,2019-07-02 12:28:00,2019-07-02 12:28:00,,2
w_bw,2019-07-03 09:13:00,2019-07-03 09:13:00,,2
y_rc,2019-07-03 10:58:00,2019-07-03 10:58:00,,0
v_rh,2019-07-04 07:59:00,2019-07-04 07:59:00,,1
rd_end_north,2019-07-04 08:54:00,2019-07-04 08:54:00,,1
b_w,2019-07-04 12:15:00,2019-07-04 12:15:00,,1
rs_end_north,2019-07-05 06:56:00,2019-07-05 06:56:00,,2
b_tt_2_dupe,2019-07-05 12:21:00,2019-07-05 12:21:00,,1
y_rt,2019-07-06 10:23:00,2019-07-06 10:23:00,,2
v_rd,2019-07-07 07:59:00,2019-07-07 07:59:00,,2
rc_end_south,2019-07-07 08:25:00,2019-07-07 08:25:00,,0
rh_end_south,2019-07-07 12:08:00,2019-07-07 12:08:00,,1
rs_end_north,2019-07-08 10:10:00,2019-07-08 10:10:00,,0
rc_end_north,2019-07-08 12:58:00,2019-07-08 12:58:00,,1
b_end_west,2019-07-08 13:56:00,2019-07-08 13:56:00,,2
rt_end_south,2019-07-09 09:22:00,2019-07-09 09:22:00,,1
g_rs,2019-07-09 12:14:00,2019-07-09 12:14:00,,2
y_rs,2019-07-10 06:35:00,2019-07-10 06:35:00,,0
rc_end_north,2019-07-10 06:56:00,2019-07-10 06:56:00,,1
w_rs,2019-07-10 10:51:00,2019-07-10 10:51:00,,2
v_rd,2019-07-11 08:36:00,2019-07-11 08:36:00,,2
nature_end_west,2019-07-11 09:13:00,2019-07-11 09:13:00,,1
b_bw,2019-07-12 06:43:00,2019-07-12 06:43:00,,1
b_tt_1,2019-07-12 13:30:00,2019-07-12 13:30:00,,0
o_tt,2019-07-14 10:43:00,2019-07-14 10:43:00,,0
w_rs,2019-07-15 06:57:00,2019-07-15 06:57:00,,0
rd_end_south_dupe,2019-07-15 09:37:00,2019-07-15 09:37:00,,0
y_rs,2019-07-15 09:50:00,2019-07-15 09:50:00,,0
w_rt,2019-07-15 10:18:00,2019-07-15 10:18:00,,1
b_tt_2,2019-07-16 08:00:00,2019-07-16 08:00:00,,0
o_rh,2019-07-16 09:12:00,2019-07-16 09:12:00,,1
w_tt,2019-07-16 11:28:00,2019-07-16 11:28:00,,0
rh_end_north,2019-07-17 09:37:00,2019-07-17 09:37:00,,2
rs_end_south,2019-07-17 14:46:00,2019-07-17 14:46:00,,0
b_tt_3_dupe,2019-07-18 08:29:00,2019-07-18 08:29:00,,1
g_gy1,2019-07-18 10:43:00,2019-07-18 10:43:00,,2
rh_end_south,2019-07-18 12:34:00,2019-07-18 12:34:00,,2
b_tt_1,2019-07-19 08:44:00,2019-07-19 08:44:00,,1
rh_end_tt_2,2019-07-19 11:00:00,2019-07-19 11:00:00,,0
tt_rt,2019-07-19 12:48:00,2019-07-19 12:48:00,,0
b_tt_3_dupe,2019-07-20 07:13:00,2019-07-20 07:13:00,,0
rh_end_tt_1,2019-07-20 08:48:00,2019-07-20 08:48:00,,2
b_rh,2019-07-21 06:37:00,2019-07-21 06:37:00,,1
g_gy2,2019-07-21 09:30:00,2019-07-21 09:30:00,,1
g_w,2019-07-21 09:58:00,2019-07-21 09:58:00,,2
w_rc,2019-07-21 11:09:00,2019-07-21 11:09:00,,2
g_gy2,2019-07-21 12:22:00,2019-07-21 12:22:00,,1
g_gy2,2019-07-21 13:08:00,2019-07-21 13:08:00,,1
b_w,2019-07-22 08:07:00,2019-07-22 08:07:00,,0
rh_end_north,2019-07-22 10:27:00,2019-07-22 10:27:00,,2
g_gy2,2019-07-22 11:48:00,2019-07-22 11:48:00,,2
o_gy1,2019-07-23 10:12:00,2019-07-23 10:12:00,,0
bstub_w,2019-07-24 10:31:00,2019-07-24 10:31:00,,1
o_tt,2019-07-24 11:41:00,2019-07-24 11:41:00,,2
rd_end_south_dupe,2019-07-24 11:42:00,2019-07-24 11:42:00,,0
v_rt,2019-07-25 11:18:00,2019-07-25 11:18:00,,1
o_tt,2019-07-25 12:03:00,2019-07-25 12:03:00,,0
g_rs,2019-07-26 06:44:00,2019-07-26 06:44:00,,2
y_rh,2019-07-26 08:19:00,2019-07-26 08:19:00,,2
y_rc,2019-07-26 08:36:00,2019-07-26 08:36:00,,0
o_tt,2019-07-26 11:21:00,2019-07-26 11:21:00,,1
park_east,2019-07-27 07:35:00,2019-07-27 07:35:00,,2
o_rs,2019-07-27 12:00:00,2019-07-27 12:00:00,,0
rd_end_south,2019-07-27 14:11:00,2019-07-27 14:11:00,,2
g_rt,2019-07-28 09:46:00,2019-07-28 09:46:00,,1
w_gy1,2019-07-28 10:34:00,2019-07-28 10:34:00,,0
b_rs,2019-07-28 13:51:00,2019-07-28 13:51:00,,2
w_tt,2019-07-29 06:26:00,2019-07-29 06:26:00,,2
o_rc,2019-07-30 08:12:00,2019-07-30 08:12:00,,0
y_rc,2019-07-31 08:25:00,2019-07-31 08:25:00,,2
y_gy1,2019-07-31 10:12:00,2019-07-31 10:12:00,,0
y_rs,2019-08-01 07:23:00,2019-08-01 07:23:00,,2
b_y,2019-08-01 07:50:00,2019-08-01 07:50:00,,1
rd_end_north,2019-08-01 13:01:00,2019-08-01 13:01:00,,2
g_gy1,2019-08-02 09:07:00,2019-08-02 09:07:00,,0
g_rt,2019-08-02 10:16:00,2019-08-02 10:16:00,,1
rh_end_tt_1,2019-08-02 10:25:00,2019-08-02 10:25:00,,0
b_tt_3,2019-08-02 10:41:00,2019-08-02 10:41:00,,2
o_w_1,2019-08-03 07:47:00,2019-08-03 07:47:00,,1
rt_end_north,2019-08-03 12:23:00,2019-08-03 12:23:00,,2
b_rh,2019-08-04 08:52:00,2019-08-04 08:52:00,,2
v_rs,2019-08-04 14:01:00,2019-08-04 14:01:00,,2
bstub_w,2019-08-04 14:13:00,2019-08-04 14:13:00,,0
g_rc,2019-08-04 14:26:00,2019-08-04 14:26:00,,1
o_rs,2019-08-06 07:31:00,2019-08-06 07:31:00,,0
b_v,2019-08-06 10:39:00,2019-08-06 10:39:00,,1
bstub_w,2019-08-08 07:23:00,2019-08-08 07:23:00,,1
g_w,2019-08-08 08:15:00,2019-08-08 08:15:00,,1
v_rd,2019-08-08 08:32:00,2019-08-08 08:32:00,,2
b_rs,2019-08-08 10:10:00,2019-08-08 10:10:00,,1
rs_end_north,2019-08-08 11:52:00,2019-08-08 11:52:00,,0
rc_end_north,2019-08-09 11:41:00,2019-08-09 11:41:00,,0
b_tt_3_dupe,2019-08-10 09:22:00,2019-08-10 09:22:00,,1
v_rh,2019-08-11 06:28:00,2019-08-11 06:28:00,,2
tt_rt,2019-08-11 10:50:00,2019-08-11 10:50:00,,1
rd_end_north,2019-08-11 11:44:00,2019-08-11 11:44:00,,0
w_gy1,2019-08-12 07:41:00,2019-08-12 07:41:00,,1
b_g,2019-08-12 09:10:00,2019-08-12 09:10:00,,0
rh_end_tt_1,2019-08-12 09:22:00,2019-08-12 09:22:00,,0
w_tt,2019-08-13 06:42:00,2019-08-13 06:42:00,,2
b_rd_dupe,2019-08-13 06:43:00,2019-08-13 06:43:00,,1
o_y_tt_end_west,2019-08-13 06:44:00,2019-08-13 06:44:00,,0
o_y_tt_end_west,2019-08-13 12:58:00,2019-08-13 12:58:00,,1
park_east,2019-08-13 13:24:00,2019-08-13 13:24:00,,1
b_tt_2_dupe,2019-08-13 13:33:00,2019-08-13 13:33:00,,0
b_tt_2_dupe,2019-08-14 09:47:00,2019-08-14 09:47:00,,1
y_rt,2019-08-14 12:06:00,2019-08-14 12:06:00,,1
rh_end_tt_1,2019-08-15 09:44:00,2019-08-15 09:44:00,,2
o_w_2,2019-08-15 13:26:00,2019-08-15 13:26:00,,2
bstub_w,2019-08-16 09:13:00,2019-08-16 09:13:00,,2
o_y_tt_end_west,2019-08-16 13:58:00,2019-08-16 13:58:00,,1
b_rs,2019-08-18 06:29:00,2019-08-18 06:29:00,,0
o_w_1,2019-08-18 10:40:00,2019-08-18 10:40:00,,1
w_rc,2019-08-18 14:53:00,2019-08-18 14:53:00,,0
b_gy2,2019-08-19 08:59:00,2019-08-19 08:59:00,,0
y_rh,2019-08-19 11:28:00,2019-08-19 11:28:00,,1
o_rt,2019-08-19 11:29:00,2019-08-19 11:29:00,,0
b_rs,2019-08-19 11:31:00,2019-08-19 11:31:00,,2
b_tt_3,2019-08-20 08:54:00,2019-08-20 08:54:00,,2
b_rt,2019-08-21 08:24:00,2019-08-21 08:24:00,,1
rc_end_north,2019-08-22 08:26:00,2019-08-22 08:26:00,,1
b_tt_3_dupe,2019-08-22 14:41:00,2019-08-22 14:41:00,,2
park_east,2019-08-23 09:20:00,2019-08-23 09:20:00,,2
o_gy2,2019-08-23 11:07:00,2019-08-23 11:07:00,,0
w_rs,2019-08-23 12:18:00,2019-08-23 12:18:00,,2
b_tt_1,2019-08-23 12:29:00,2019-08-23 12:29:00,,0
b_tt_1,2019-08-24 10:46:00,2019-08-24 10:46:00,,1
b_bw,2019-08-25 08:15:00,2019-08-25 08:15:00,,1
b_bw,2019-08-25 10:13:00,2019-08-25 10:13:00,,0
b_tt_3,2019-08-26 07:19:00,2019-08-26 07:19:00,,0
g_rc,2019-08-26 10:44:00,2019-08-26 10:44:00,,2
v_rh,2019-08-26 13:59:00,2019-08-26 13:59:00,,0
o_rs,2019-08-26 14:36:00,2019-08-26 14:36:00,,2
o_y_tt_end_west,2019-08-26 14:54:00,2019-08-26 14:54:00,,1
b_gy2,2019-08-27 07:19:00,2019-08-27 07:19:00,,2
b_w,2019-08-27 11:00:00,2019-08-27 11:00:00,,2
b_bw,2019-08-28 09:22:00,2019-08-28 09:22:00,,1
g_w,2019-08-28 11:48:00,2019-08-28 11:48:00,,1
g_gy2,2019-08-28 11:49:00,2019-08-28 11:49:00,,0
o_y_tt_end_west,2019-08-28 12:48:00,2019-08-28 12:48:00,,0
w_bw,2019-08-29 12:31:00,2019-08-29 12:31:00,,1
b_tt_1,2019-08-29 13:22:00,2019-08-29 13:22:00,,2
rs_end_south,2019-08-29 13:38:00,2019-08-29 13:38:00,,0
b_tt_1,2019-08-30 07:06:00,2019-08-30 07:06:00,,1
b_rd,2019-08-30 07:15:00,2019-08-30 07:15:00,,2
b_tt_1,2019-08-30 09:35:00,2019-08-30 09:35:00,,2
nature_end_west,2019-09-01 08:07:00,2019-09-01 08:07:00,,1
b_gy2,2019-09-01 09:10:00,2019-09-01 09:10:00,,0
rd_end_south,2019-09-01 09:12:00,2019-09-01 09:12:00,,2
g_gy2,2019-09-01 10:19:00,2019-09-01 10:19:00,,2
o_w_1,2019-09-01 11:26:00,2019-09-01 11:26:00,,2
nature_end_west,2019-09-02 11:33:00,2019-09-02 11:33:00,,2
b_rd,2019-09-02 14:18:00,2019-09-02 14:18:00,,2
b_rt,2019-09-03 09:29:00,2019-09-03 09:29:00,,1
g_w,2019-09-03 12:43:00,2019-09-03 12:43:00,,0
v_rt,2019-09-03 13:22:00,2019-09-03 13:22:00,,1
g_w,2019-09-04 06:30:00,2019-09-04 06:30:00,,1
w_rt,2019-09-04 09:36:00,2019-09-04 09:36:00,,2
o_rc,2019-09-04 11:40:00,2019-09-04 11:40:00,,0
o_gy1,2019-09-04 12:08:00,2019-09-04 12:08:00,,2
b_rh,2019-09-04 13:20:00,2019-09-04 13:20:00,,1
rs_end_north,2019-09-05 09:09:00,2019-09-05 09:09:00,,2
v_rd,2019-09-05 09:21:00,2019-09-05 09:21:00,,1
y_rt,2019-09-05 11:30:00,2019-09-05 11:30:00,,0
g_gy1,2019-09-05 11:31:00,2019-09-05 11:31:00,,2
y_rc,2019-09-05 11:32:00,2019-09-05 11:32:00,,1
y_rc,2019-09-05 14:39:00,2019-09-05 14:39:00,,0
y_rt,2019-09-06 07:25:00,2019-09-06 07:25:00,,0
o_y_tt_end_west,2019-09-06 09:12:00,2019-09-06 09:12:00,,2
rh_end_tt_3,2019-09-07 09:32:00,2019-09-07 09:32:00,,1
g_rt,2019-09-07 13:19:00,2019-09-07 13:19:00,,0
rh_end_tt_1,2019-09-08 06:45:00,2019-09-08 06:45:00,,1
rh_end_tt_3,2019-09-08 07:27:00,2019-09-08 07:27:00,,2
b_g,2019-09-08 08:04:00,2019-09-08 08:04:00,,2
g_rt,2019-09-08 11:16:00,2019-09-08 11:16:00,,1
rs_end_south,2019-09-09 10:35:00,2019-09-09 10:35:00,,0
v_rs,2019-09-09 12:16:00,2019-09-09 12:16:00,,1
b_o,2019-09-10 06:21:00,2019-09-10 06:21:00,,0
w_gy1,2019-09-10 06:54:00,2019-09-10 06:54:00,,0
y_rc,2019-09-10 12:00:00,2019-09-10 12:00:00,,1
b_rh,2019-09-10 12:05:00,2019-09-10 12:05:00,,2
rt_end_south,2019-09-11 06:51:00,2019-09-11 06:51:00,,0
g_rc,2019-09-11 11:18:00,2019-09-11 11:18:00,,2
rh_end_tt_2,2019-09-12 12:04:00,2019-09-12 12:04:00,,2
b_rt,2019-09-13 13:04:00,2019-09-13 13:04:00,,2
b_rd,2019-09-13 13:30:00,2019-09-13 13:30:00,,1
g_gy1,2019-09-14 11:45:00,2019-09-14 11:45:00,,0
b_g,2019-09-14 14:47:00,2019-09-14 14:47:00,,2
park_east,2019-09-14 14:48:00,2019-09-14 14:48:00,,1
b_gy2,2019-09-15 11:38:00,2019-09-15 11:38:00,,0
y_rh,2019-09-15 12:54:00,2019-09-15 12:54:00,,1
o_w_1,2019-09-15 13:17:00,2019-09-15 13:17:00,,2
b_gy2,2019-09-16 08:53:00,2019-09-16 08:53:00,,0
w_rs,2019-09-16 11:08:00,2019-09-16 11:08:00,,2
w_gy1,2019-09-17 06:29:00,2019-09-17 06:29:00,,0
g_rc,2019-09-17 08:17:00,2019-09-17 08:17:00,,1
rc_end_south,2019-09-17 10:50:00,2019-09-17 10:50:00,,1
nature_end_west,2019-09-17 13:36:00,2019-09-17 13:36:00,,0
b_o,2019-09-18 06:51:00,2019-09-18 06:51:00,,0
b_tt_3_dupe,2019-09-19 06:29:00,2019-09-19 06:29:00,,1
rh_end_tt_4,2019-09-20 09:56:00,2019-09-20 09:56:00,,0
rt_end_south,2019-09-20 10:15:00,2019-09-20 10:15:00,,1
o_gy1,2019-09-20 11:18:00,2019-09-20 11:18:00,,1
b_bw,2019-09-21 07:42:00,2019-09-21 07:42:00,,1
v_rh,2019-09-21 10:00:00,2019-09-21 10:00:00,,1
o_gy2,2019-09-21 11:26:00,2019-09-21 11:26:00,,1
v_rs,2019-09-21 12:09:00,2019-09-21 12:09:00,,1
b_rt,2019-09-21 12:51:00,2019-09-21 12:51:00,,2
y_rh,2019-09-22 06:25:00,2019-09-22 06:25:00,,2
b_v,2019-09-22 08:36:00,2019-09-22 08:36:00,,0
w_rt,2019-09-22 09:19:00,2019-09-22 09:19:00,,0
b_rc,2019-09-23 09:25:00,2019-09-23 09:25:00,,0
bstub_w,2019-09-23 11:45:00,2019-09-23 11:45:00,,2
b_rh,2019-09-24 10:52:00,2019-09-24 10:52:00,,0
rd_end_north,2019-09-25 13:26:00,2019-09-25 13:26:00,,2
b_bw,2019-09-25 13:27:00,2019-09-25 13:27:00,,0
v_end_east,2019-09-25 13:50:00,2019-09-25 13:50:00,,1
y_rc,2019-09-26 06:18:00,2019-09-26 06:18:00,,0
v_rd,2019-09-26 09:48:00,2019-09-26 09:48:00,,0
b_y,2019-09-26 14:05:00,2019-09-26 14:05:00,,2
bstub_w,2019-09-27 09:57:00,2019-09-27 09:57:00,,1
v_rh,2019-09-27 10:10:00,2019-09-27 10:10:00,,2
b_bv,2019-09-29 07:43:00,2019-09-29 07:43:00,,0
g_rt,2019-09-29 11:29:00,2019-09-29 11:29:00,,1
b_rt,2019-09-29 12:01:00,2019-09-29 12:01:00,,1
rh_end_south,2019-09-29 13:27:00,2019-09-29 13:27:00,,0
rd_end_north,2019-09-29 13:48:00,2019-09-29 13:48:00,,2
rd_end_north,2019-09-30 12:41:00,2019-09-30 12:41:00,,2
o_rh,2019-09-30 15:00:00,2019-09-30 15:00:00,,1
b_rd,2019-10-01 06:17:00,2019-10-01 06:17:00,,1
o_rt,2019-10-01 12:22:00,2019-10-01 12:22:00,,1
rc_end_north,2019-10-02 11:04:00,2019-10-02 11:04:00,,2
b_tt_3_dupe,2019-10-03 10:54:00,2019-10-03 10:54:00,,2
nature_end_west,2019-10-03 12:31:00,2019-10-03 12:31:00,,1
o_w_1,2019-10-04 06:20:00,2019-10-04 06:20:00,,0
bstub_w,2019-10-04 09:25:00,2019-10-04 09:25:00,,1
b_rt,2019-10-05 07:10:00,2019-10-05 07:10:00,,0
b_rd,2019-10-05 09:20:00,2019-10-05 09:20:00,,1
y_rc,2019-10-05 13:23:00,2019-10-05 13:23:00,,1
v_rc,2019-10-06 12:04:00,2019-10-06 12:04:00,,2
rh_end_tt_2,2019-10-06 12:37:00,2019-10-06 12:37:00,,0
rh_end_north,2019-10-07 09:21:00,2019-10-07 09:21:00,,2
w_rc,2019-10-07 09:57:00,2019-10-07 09:57:00,,2
v_rh,2019-10-08 10:18:00,2019-10-08 10:18:00,,1
bstub_w,2019-10-08 12:05:00,2019-10-08 12:05:00,,0
w_gy2,2019-10-09 08:56:00,2019-10-09 08:56:00,,0
b_rs,2019-10-09 12:51:00,2019-10-09 12:51:00,,2
v_rs,2019-10-09 13:43:00,2019-10-09 13:43:00,,1
g_rc,2019-10-09 14:39:00,2019-10-09 14:39:00,,0
b_rd,2019-10-10 06:50:00,2019-10-10 06:50:00,,1
w_bw,2019-10-10 07:49:00,2019-10-10 07:49:00,,1
y_rt,2019-10-10 09:20:00,2019-10-10 09:20:00,,2
rs_end_south,2019-10-10 10:05:00,2019-10-10 10:05:00,,0
rc_end_north,2019-10-10 11:49:00,2019-10-10 11:49:00,,0
w_rt,2019-10-10 11:51:00,2019-10-10 11:51:00,,2
b_rd_dupe,2019-10-10 12:07:00,2019-10-10 12:07:00,,2
w_bw,2019-10-11 06:47:00,2019-10-11 06:47:00,,2
b_rh,2019-10-11 14:14:00,2019-10-11 14:14:00,,0
b_y,2019-10-12 11:45:00,2019-10-12 11:45:00,,2
b_g,2019-10-13 06:09:00,2019-10-13 06:09:00,,2
g_gy2,2019-10-13 11:20:00,2019-10-13 11:20:00,,0
g_rt,2019-10-13 11:43:00,2019-10-13 11:43:00,,1
rh_end_south,2019-10-13 11:44:00,2019-10-13 11:44:00,,0
y_gy2,2019-10-14 07:56:00,2019-10-14 07:56:00,,2
rh_end_tt_4,2019-10-14 08:25:00,2019-10-14 08:25:00,,1
o_rt,2019-10-14 08:26:00,2019-10-14 08:26:00,,2
rc_end_north,2019-10-14 08:27:00,2019-10-14 08:27:00,,0
b_gy2,2019-10-14 08:53:00,2019-10-14 08:53:00,,2
b_rd_dupe,2019-10-14 12:46:00,2019-10-14 12:46:00,,0
y_rc,2019-10-15 07:34:00,2019-10-15 07:34:00,,0
rh_end_south,2019-10-15 11:54:00,2019-10-15 11:54:00,,1
b_y,2019-10-15 12:07:00,2019-10-15 12:07:00,,1
b_o,2019-10-16 10:13:00,2019-10-16 10:13:00,,1
y_gy1,2019-10-16 12:20:00,2019-10-16 12:20:00,,2
y_rt,2019-10-16 13:32:00,2019-10-16 13:32:00,,1
rh_end_tt_4,2019-10-16 13:37:00,2019-10-16 13:37:00,,2
o_w_1,2019-10-17 08:29:00,2019-10-17 08:29:00,,0
rd_end_south,2019-10-17 12:12:00,2019-10-17 12:12:00,,1
y_gy2,2019-10-17 12:58:00,2019-10-17 12:58:00,,1
g_gy1,2019-10-17 16:04:00,2019-10-17 16:04:00,,1
rt_end_south,2019-10-18 10:48:00,2019-10-18 10:48:00,,0
rh_end_south,2019-10-19 06:42:00,2019-10-19 06:42:00,,2
b_rh,2019-10-19 09:09:00,2019-10-19 09:09:00,,2
b_w,2019-10-20 08:26:00,2019-10-20 08:26:00,,2
v_rc,2019-10-20 12:02:00,2019-10-20 12:02:00,,2
w_rc,2019-10-20 12:03:00,2019-10-20 12:03:00,,1
b_y,2019-10-21 06:34:00,2019-10-21 06:34:00,,0
b_rd_dupe,2019-10-21 11:10:00,2019-10-21 11:10:00,,2
o_y_tt_end_west,2019-10-22 06:18:00,2019-10-22 06:18:00,,1
w_rs,2019-10-22 08:58:00,2019-10-22 08:58:00,,0
b_tt_2,2019-10-22 10:24:00,2019-10-22 10:24:00,,0
b_w,2019-10-23 07:38:00,2019-10-23 07:38:00,,2
bstub_w,2019-10-23 09:39:00,2019-10-23 09:39:00,,1
v_end_east,2019-10-24 10:14:00,2019-10-24 10:14:00,,2
rh_end_tt_4,2019-10-25 06:08:00,2019-10-25 06:08:00,,1
b_w,2019-10-25 06:24:00,2019-10-25 06:24:00,,1
v_rc,2019-10-25 13:09:00,2019-10-25 13:09:00,,2
rh_end_tt_1,2019-10-25 13:53:00,2019-10-25 13:53:00,,1
v_rt,2019-10-26 07:45:00,2019-10-26 07:45:00,,2
rh_end_tt_3,2019-10-26 10:26:00,2019-10-26 10:26:00,,2
o_rt,2019-10-26 12:01:00,2019-10-26 12:01:00,,2
b_y,2019-10-28 10:24:00,2019-10-28 10:24:00,,2
v_rh,2019-10-28 10:36:00,2019-10-28 10:36:00,,0
b_bv,2019-10-30 11:15:00,2019-10-30 11:15:00,,0
b_bw,2019-10-31 09:03:00,2019-10-31 09:03:00,,2
o_y_tt_end_west,2019-10-31 12:48:00,2019-10-31 12:48:00,,0
rs_end_north,2019-10-31 13:54:00,2019-10-31 13:54:00,,2
b_v,2019-10-31 14:10:00,2019-10-31 14:10:00,,1
o_rt,2019-11-01 06:21:00,2019-11-01 06:21:00,,0
g_rs,2019-11-01 11:18:00,2019-11-01 11:18:00,,0
o_w_1,2019-11-01 11:38:00,2019-11-01 11:38:00,,1
g_rt,2019-11-02 08:37:00,2019-11-02 08:37:00,,1
rs_end_north,2019-11-02 12:08:00,2019-11-02 12:08:00,,2
w_rt,2019-11-02 12:40:00,2019-11-02 12:40:00,,2
rh_end_tt_1,2019-11-02 12:51:00,2019-11-02 12:51:00,,0
b_o,2019-11-02 12:58:00,2019-11-02 12:58:00,,1
g_gy2,2019-11-04 07:19:00,2019-11-04 07:19:00,,2
rh_end_tt_1,2019-11-04 13:27:00,2019-11-04 13:27:00,,0
rt_end_south,2019-11-04 14:16:00,2019-11-04 14:16:00,,0
rh_end_tt_3,2019-11-04 14:43:00,2019-11-04 14:43:00,,2
rd_end_south,2019-11-04 14:44:00,2019-11-04 14:44:00,,0
o_rt,2019-11-05 08:47:00,2019-11-05 08:47:00,,1
v_bv,2019-11-05 11:08:00,2019-11-05 11:08:00,,0
v_rt,2019-11-06 10:47:00,2019-11-06 10:47:00,,2
b_w,2019-11-07 10:06:00,2019-11-07 10:06:00,,2
w_gy1,2019-11-08 12:25:00,2019-11-08 12:25:00,,1
b_g,2019-11-10 07:20:00,2019-11-10 07:20:00,,0
w_rs,2019-11-10 12:16:00,2019-11-10 12:16:00,,2
o_y_tt_end_west,2019-11-11 12:21:00,2019-11-11 12:21:00,,1
y_rt,2019-11-11 13:49:00,2019-11-11 13:49:00,,0
b_end_west,2019-11-11 15:57:00,2019-11-11 15:57:00,,2
w_bw,2019-11-11 16:38:00,2019-11-11 16:38:00,,1
o_rc,2019-11-11 17:34:00,2019-11-11 17:34:00,,0
o_gy2,2019-11-12 10:51:00,2019-11-12 10:51:00,,0
b_tt_2,2019-11-12 11:42:00,2019-11-12 11:42:00,,1
b_tt_3,2019-11-13 11:06:00,2019-11-13 11:06:00,,1
v_rs,2019-11-13 12:08:00,2019-11-13 12:08:00,,0
v_rs,2019-11-13 12:38:00,2019-11-13 12:38:00,,1
v_end_east,2019-11-15 07:30:00,2019-11-15 07:30:00,,2
w_rt,2019-11-15 10:21:00,2019-11-15 10:21:00,,0
o_w_1,2019-11-15 10:33:00,2019-11-15 10:33:00,,2
b_end_west,2019-11-15 13:17:00,2019-11-15 13:17:00,,2
o_gy2,2019-11-16 06:06:00,2019-11-16 06:06:00,,0
b_y,2019-11-16 10:07:00,2019-11-16 10:07:00,,1
b_rc,2019-11-16 14:17:00,2019-11-16 14:17:00,,0
rc_end_south,2019-11-17 12:30:00,2019-11-17 12:30:00,,1
w_gy2,2019-11-19 10:02:00,2019-11-19 10:02:00,,0
v_bv,2019-11-19 11:33:00,2019-11-19 11:33:00,,2
b_tt_1,2019-11-19 11:38:00,2019-11-19 11:38:00,,0
o_w_2,2019-11-20 12:15:00,2019-11-20 12:15:00,,2
b_rd_dupe,2019-11-21 08:11:00,2019-11-21 08:11:00,,2
v_rd,2019-11-21 10:27:00,2019-11-21 10:27:00,,2
rh_end_north,2019-11-22 09:43:00,2019-11-22 09:43:00,,2
rs_end_south,2019-11-23 11:20:00,2019-11-23 11:20:00,,2
v_bv,2019-11-24 06:42:00,2019-11-24 06:42:00,,2
o_w_2,2019-11-24 06:48:00,2019-11-24 06:48:00,,0
w_rt,2019-11-24 10:30:00,2019-11-24 10:30:00,,1
w_rs,2019-11-24 11:17:00,2019-11-24 11:17:00,,2
rd_end_south_dupe,2019-11-25 09:27:00,2019-11-25 09:27:00,,2
b_gy2,2019-11-25 10:03:00,2019-11-25 10:03:00,,2
g_gy1,2019-11-25 11:02:00,2019-11-25 11:02:00,,0
w_bw,2019-11-26 07:10:00,2019-11-26 07:10:00,,2
w_gy1,2019-11-26 09:47:00,2019-11-26 09:47:00,,0
o_gy1,2019-11-26 09:57:00,2019-11-26 09:57:00,,1
w_rt,2019-11-26 11:14:00,2019-11-26 11:14:00,,0
b_bv,2019-11-26 12:06:00,2019-11-26 12:06:00,,1
rs_end_south,2019-11-28 06:19:00,2019-11-28 06:19:00,,0
g_gy2,2019-11-28 06:45:00,2019-11-28 06:45:00,,2
g_gy1,2019-11-28 07:28:00,2019-11-28 07:28:00,,2
b_tt_2_dupe,2019-11-28 09:41:00,2019-11-28 09:41:00,,1
w_rs,2019-11-28 11:56:00,2019-11-28 11:56:00,,1
y_rs,2019-11-29 11:10:00,2019-11-29 11:10:00,,1
y_rh,2019-11-30 06:30:00,2019-11-30 06:30:00,,1
o_gy1,2019-11-30 09:09:00,2019-11-30 09:09:00,,0
g_rt,2019-11-30 09:10:00,2019-11-30 09:10:00,,1
rh_end_north,2019-12-01 11:21:00,2019-12-01 11:21:00,,2
park_east,2019-12-01 17:06:00,2019-12-01 17:06:00,,1
b_tt_3,2019-12-02 07:30:00,2019-12-02 07:30:00,,1
v_end_west,2019-12-02 13:06:00,2019-12-02 13:06:00,,1
b_rt,2019-12-02 14:46:00,2019-12-02 14:46:00,,0
o_tt,2019-12-03 07:49:00,2019-12-03 07:49:00,,1
rd_end_south_dupe,2019-12-03 12:21:00,2019-12-03 12:21:00,,1
g_gy1,2019-12-03 14:07:00,2019-12-03 14:07:00,,0
w_rt,2019-12-04 06:34:00,2019-12-04 06:34:00,,0
w_gy1,2019-12-04 08:26:00,2019-12-04 08:26:00,,1
rh_end_tt_4,2019-12-04 09:28:00,2019-12-04 09:28:00,,2
rh_end_tt_4,2019-12-04 09:29:00,2019-12-04 09:29:00,,1
b_v,2019-12-04 10:28:00,2019-12-04 10:28:00,,1
y_rh,2019-12-04 12:42:00,2019-12-04 12:42:00,,1
b_rh,2019-12-05 07:02:00,2019-12-05 07:02:00,,1
b_tt_3_dupe,2019-12-05 10:16:00,2019-12-05 10:16:00,,0
o_w_2,2019-12-05 11:54:00,2019-12-05 11:54:00,,2
rt_end_north,2019-12-05 11:59:00,2019-12-05 11:59:00,,1
o_rc,2019-12-06 09:17:00,2019-12-06 09:17:00,,2
b_tt_2,2019-12-06 10:06:00,2019-12-06 10:06:00,,2
v_bv,2019-12-06 12:32:00,2019-12-06 12:32:00,,0
o_gy1,2019-12-06 14:06:00,2019-12-06 14:06:00,,0
tt_rt,2019-12-07 07:56:00,2019-12-07 07:56:00,,1
rd_end_south_dupe,2019-12-07 10:04:00,2019-12-07 10:04:00,,1
y_gy1,2019-12-07 10:43:00,2019-12-07 10:43:00,,1
b_y,2019-12-08 08:31:00,2019-12-08 08:31:00,,0
w_rc,2019-12-08 09:25:00,2019-12-08 09:25:00,,0
rd_end_south_dupe,2019-12-08 10:22:00,2019-12-08 10:22:00,,0
b_gy2,2019-12-09 07:32:00,2019-12-09 07:32:00,,2
v_rd,2019-12-10 06:36:00,2019-12-10 06:36:00,,2
b_rc,2019-12-10 06:58:00,2019-12-10 06:58:00,,0
b_g,2019-12-10 12:21:00,2019-12-10 12:21:00,,0
b_rd_dupe,2019-12-12 06:04:00,2019-12-12 06:04:00,,1
b_o,2019-12-12 11:19:00,2019-12-12 11:19:00,,2
b_rh,2019-12-13 12:48:00,2019-12-13 12:48:00,,1
g_w,2019-12-14 10:15:00,2019-12-14 10:15:00,,2
rs_end_south,2019-12-15 07:46:00,2019-12-15 07:46:00,,2
rh_end_tt_1,2019-12-15 07:59:00,2019-12-15 07:59:00,,1
g_gy2,2019-12-15 08:23:00,2019-12-15 08:23:00,,0
v_bv,2019-12-15 09:07:00,2019-12-15 09:07:00,,1
y_gy1,2019-12-15 13:02:00,2019-12-15 13:02:00,,2
b_w,2019-12-16 10:36:00,2019-12-16 10:36:00,,2
b_w,2019-12-16 11:15:00,2019-12-16 11:15:00,,0
o_gy1,2019-12-16 13:02:00,2019-12-16 13:02:00,,1
v_rh,2019-12-17 07:14:00,2019-12-17 07:14:00,,1
v_rh,2019-12-17 08:15:00,2019-12-17 08:15:00,,2
b_bv,2019-12-17 10:11:00,2019-12-17 10:11:00,,0
y_gy2,2019-12-18 12:01:00,2019-12-18 12:01:00,,0
b_rt,2019-12-18 12:06:00,2019-12-18 12:06:00,,0
rt_end_north,2019-12-18 13:40:00,2019-12-18 13:40:00,,2
b_bw,2019-12-19 11:10:00,2019-12-19 11:10:00,,0
b_tt_3,2019-12-20 07:08:00,2019-12-20 07:08:00,,2
tt_rt,2019-12-20 07:25:00,2019-12-20 07:25:00,,2
tt_rt,2019-12-20 08:46:00,2019-12-20 08:46:00,,1
g_rc,2019-12-20 09:21:00,2019-12-20 09:21:00,,2
rt_end_north,2019-12-21 06:36:00,2019-12-21 06:36:00,,1
rs_end_north,2019-12-21 06:42:00,2019-12-21 06:42:00,,0
w_rt,2019-12-21 09:15:00,2019-12-21 09:15:00,,1
rd_end_south_dupe,2019-12-21 09:41:00,2019-12-21 09:41:00,,2
rt_end_north,2019-12-21 14:23:00,2019-12-21 14:23:00,,1
b_bv,2019-12-21 14:30:00,2019-12-21 14:30:00,,0
b_bv,2019-12-22 11:23:00,2019-12-22 11:23:00,,1
w_bw,2019-12-23 08:18:00,2019-12-23 08:18:00,,1
o_gy2,2019-12-23 11:34:00,2019-12-23 11:34:00,,2
b_rs,2019-12-24 06:42:00,2019-12-24 06:42:00,,0
rc_end_south,2019-12-25 09:24:00,2019-12-25 09:24:00,,1
v_rd,2019-12-25 10:43:00,2019-12-25 10:43:00,,1
w_gy1,2019-12-25 14:16:00,2019-12-25 14:16:00,,1
v_rd,2019-12-25 16:39:00,2019-12-25 16:39:00,,2
b_w,2019-12-26 08:04:00,2019-12-26 08:04:00,,0
w_tt,2019-12-26 12:48:00,2019-12-26 12:48:00,,2
b_gy2,2019-12-27 08:43:00,2019-12-27 08:43:00,,2
v_rs,2019-12-28 06:22:00,2019-12-28 06:22:00,,2
b_bv,2019-12-29 06:53:00,2019-12-29 06:53:00,,2
b_tt_1,2019-12-29 07:22:00,2019-12-29 07:22:00,,2
v_rt,2019-12-29 10:46:00,2019-12-29 10:46:00,,0
w_gy2,2019-12-29 13:24:00,2019-12-29 13:24:00,,0
v_bv,2019-12-29 14:08:00,2019-12-29 14:08:00,,1
g_rs,2019-12-29 14:09:00,2019-12-29 14:09:00,,2
rt_end_north,2019-12-30 08:34:00,2019-12-30 08:34:00,,0
y_rt,2019-12-30 09:07:00,2019-12-30 09:07:00,,0
o_w_1,2019-12-30 10:46:00,2019-12-30 10:46:00,,1
o_gy1,2019-12-31 11:19:00,2019-12-31 11:19:00,,2
o_rt,2019-12-31 11:28:00,2019-12-31 11:28:00,,0
Prey-Id,Date-Time,Signal-Time,Max-Radius,Spider-Id
